{
  "Enabled": {
    "type": "boolean",
    "options": []
  },
  "Gain": {
    "type": "number",
    "options": [],
    "min": 0.7943263053894043,
    "max": 1.2589285373687744,
    "decimals": 4
  },
  "HighShelfGain": {
    "type": "number",
    "options": [],
    "min": 0.18000000715255737,
    "max": 2.004319906234741,
    "decimals": 4
  },
  "HighpassOn": {
    "type": "boolean",
    "options": []
  },
  "LowShelfGain": {
    "type": "number",
    "options": [],
    "min": 0.18000000715255737,
    "max": 2.5385196208953857,
    "decimals": 4
  },
  "MidFrequency": {
    "type": "number",
    "options": [],
    "min": 572.7157592773438,
    "max": 4192.9130859375,
    "decimals": 4
  },
  "MidGain": {
    "type": "number",
    "options": [],
    "min": 1.0,
    "max": 2.1601195335388184,
    "decimals": 4
  }
}
